{
  "version": 1,
  "author": "Heitor Farias",
  "editor": "wokwi",
  "parts": [
    { "type": "wokwi-esp32-devkit-v1", "id": "esp", "top": 0, "left": 0, "attrs": {} },
    {
      "type": "wokwi-hc-sr04",
      "id": "ultrasonic1",
      "top": -84.9,
      "left": 91.9,
      "attrs": { "distance": "344" }
    },
    {
      "type": "wokwi-led",
      "id": "led1",
      "top": -224.4,
      "left": 205.4,
      "attrs": { "color": "red" }
    },
    {
      "type": "wokwi-resistor",
      "id": "r1",
      "top": -139.2,
      "left": 201.05,
      "rotate": 90,
      "attrs": { "value": "220" }
    },
    {
      "type": "wokwi-pushbutton",
      "id": "btn1",
      "top": -195.4,
      "left": -28.8,
      "attrs": { "color": "black" }
    },
    {
      "type": "wokwi-pushbutton",
      "id": "btn2",
      "top": -214.6,
      "left": -124.8,
      "attrs": { "color": "black" }
    },
    {
      "type": "wokwi-led",
      "id": "led2",
      "top": -224.4,
      "left": 147.8,
      "attrs": { "color": "green" }
    },
    {
      "type": "wokwi-resistor",
      "id": "r2",
      "top": -139.2,
      "left": 143.45,
      "rotate": 90,
      "attrs": { "value": "220" }
    }
  ],
  "connections": [
    [ "esp:TX0", "$serialMonitor:RX", "", [] ],
    [ "esp:RX0", "$serialMonitor:TX", "", [] ],
    [ "ultrasonic1:GND", "esp:GND.1", "black", [ "v0" ] ],
    [ "ultrasonic1:TRIG", "esp:D19", "magenta", [ "v0" ] ],
    [ "ultrasonic1:ECHO", "esp:D21", "cyan", [ "v0" ] ],
    [ "esp:VIN", "ultrasonic1:VCC", "red", [ "h-14.6", "v62.3", "h163.2" ] ],
    [ "led1:A", "r1:1", "orange", [ "v0" ] ],
    [ "r1:2", "esp:D15", "orange", [ "h38.4", "v229.2" ] ],
    [ "led1:C", "esp:GND.2", "black", [ "v76.8", "h-239.6", "v249.6" ] ],
    [ "btn1:1.r", "esp:D12", "gray", [ "v172.8", "h-47.8", "v140" ] ],
    [ "btn1:2.l", "esp:GND.2", "black", [ "h9.6", "v317" ] ],
    [ "btn2:2.l", "esp:GND.2", "black", [ "h0", "v326.6" ] ],
    [ "btn2:1.r", "esp:D14", "green", [ "v0" ] ],
    [ "led2:C", "esp:GND.2", "black", [ "v76.8", "h-182", "v259.2" ] ],
    [ "led2:A", "r2:1", "green", [ "v0" ] ],
    [ "r2:2", "esp:D2", "green", [ "h-86.4", "v104.4", "h28.8", "v124.8" ] ]
  ],
  "dependencies": {}
}